experiment_type,requirements,resources,threads,sequential_time_seconds,parallel_time_seconds,speedup,efficiency,sequential_benefit,parallel_benefit,result_match,repetitions,random_seed
Experiment A,250,40000,4,0.004398,0.014696,0.2993,0.0748,58616,58616,PASS,3,42
Experiment A,500,40000,4,0.010059,0.031433,0.32,0.08,124788,124788,PASS,3,42
Experiment A,1000,40000,4,0.020057,0.060013,0.3342,0.0836,237914,237914,PASS,3,42
Experiment A,1500,40000,4,0.028427,0.109954,0.2585,0.0646,306462,306462,PASS,3,42
Experiment A,2000,40000,4,0.038896,0.120775,0.3221,0.0805,359247,359247,PASS,3,42
Experiment B,1000,10000,4,0.004513,0.08513,0.053,0.0133,123392,123392,PASS,3,42
Experiment B,1000,20000,4,0.009933,0.068953,0.1441,0.036,176487,176487,PASS,3,42
Experiment B,1000,40000,4,0.025333,0.071659,0.3535,0.0884,237914,237914,PASS,3,42
Experiment B,1000,60000,4,0.030821,0.074271,0.415,0.1037,249045,249045,PASS,3,42
Experiment B,1000,80000,4,0.039827,0.085858,0.4639,0.116,249045,249045,PASS,3,42
Experiment C (Small),500,20000,1,0.005351,0.007276,0.7354,0.7354,119830,119830,PASS,3,42
Experiment C (Small),500,20000,2,0.004811,0.019016,0.253,0.1265,119830,119830,PASS,3,42
Experiment C (Small),500,20000,4,0.004511,0.034396,0.1311,0.0328,119830,119830,PASS,3,42
Experiment C (Small),500,20000,8,0.005212,0.07126,0.0731,0.0091,119830,119830,PASS,3,42
Experiment C (Medium),1000,40000,1,0.026532,0.039863,0.6656,0.6656,237914,237914,PASS,3,42
Experiment C (Medium),1000,40000,2,0.026126,0.051206,0.5102,0.2551,237914,237914,PASS,3,42
Experiment C (Medium),1000,40000,4,0.024207,0.071173,0.3401,0.085,237914,237914,PASS,3,42
Experiment C (Medium),1000,40000,8,0.025443,0.213871,0.119,0.0149,237914,237914,PASS,3,42
Experiment C (Large),1500,60000,1,0.062897,0.086446,0.7276,0.7276,359602,359602,PASS,3,42
Experiment C (Large),1500,60000,2,0.051963,0.092746,0.5603,0.2801,359602,359602,PASS,3,42
Experiment C (Large),1500,60000,4,0.049938,0.135262,0.3692,0.0923,359602,359602,PASS,3,42
Experiment C (Large),1500,60000,8,0.053699,0.237361,0.2262,0.0283,359602,359602,PASS,3,42
